N,blocks,repeats,mean_ms,std_ms,min_ms,max_ms,samples_ms
64,8,30,0.2657784,0.0370934062916476,0.245167,0.394345,0.245;0.245;0.349;0.245;0.296;0.306;0.255;0.259;0.394;0.246;0.249;0.245;0.319;0.254;0.245;0.320;0.245;0.246;0.246;0.245;0.245;0.246;0.255;0.245;0.285;0.245;0.247;0.259;0.246;0.246
64,16,30,0.24104543333333334,0.03906483546678684,0.21987,0.340735,0.220;0.231;0.220;0.220;0.220;0.253;0.220;0.220;0.330;0.230;0.221;0.327;0.220;0.220;0.220;0.223;0.221;0.220;0.223;0.283;0.223;0.220;0.284;0.221;0.320;0.220;0.220;0.220;0.341;0.220
64,24,30,0.28175733333333336,0.127307557324591,0.217606,0.820069,0.328;0.218;0.218;0.300;0.580;0.820;0.218;0.218;0.218;0.218;0.310;0.292;0.349;0.218;0.218;0.218;0.287;0.218;0.218;0.299;0.218;0.327;0.218;0.218;0.229;0.371;0.257;0.218;0.218;0.218
64,32,30,0.21865023333333333,0.01609032022287663,0.213268,0.280233,0.233;0.213;0.214;0.213;0.280;0.214;0.213;0.213;0.213;0.213;0.213;0.214;0.213;0.224;0.213;0.213;0.213;0.213;0.214;0.214;0.213;0.214;0.213;0.214;0.214;0.213;0.271;0.213;0.213;0.213
64,48,30,0.22851596666666665,0.031093286460743982,0.212206,0.300771,0.301;0.214;0.213;0.213;0.234;0.213;0.290;0.213;0.212;0.212;0.212;0.212;0.213;0.299;0.300;0.228;0.213;0.245;0.213;0.212;0.212;0.213;0.212;0.212;0.284;0.213;0.212;0.212;0.213;0.212
64,64,30,0.2367363,0.053504472838581285,0.206776,0.422438,0.207;0.246;0.207;0.207;0.236;0.209;0.207;0.374;0.207;0.234;0.207;0.207;0.207;0.289;0.211;0.327;0.237;0.233;0.251;0.207;0.291;0.207;0.422;0.207;0.207;0.207;0.207;0.231;0.207;0.207
64,96,30,0.2461993,0.06300102371590262,0.206645,0.45574,0.208;0.286;0.207;0.208;0.207;0.207;0.207;0.270;0.207;0.207;0.207;0.251;0.207;0.297;0.207;0.207;0.456;0.339;0.207;0.207;0.207;0.235;0.237;0.207;0.366;0.310;0.250;0.207;0.213;0.356
64,128,30,0.2642526666666667,0.07008164357884769,0.206765,0.449929,0.207;0.250;0.306;0.214;0.224;0.423;0.207;0.311;0.223;0.283;0.207;0.233;0.232;0.294;0.207;0.296;0.242;0.207;0.254;0.247;0.310;0.207;0.207;0.417;0.450;0.244;0.207;0.372;0.239;0.207
128,8,30,2.1954996666666666,0.25233092995158146,1.96369,2.84588,2.087;2.145;2.125;1.964;1.983;2.131;2.076;2.595;2.448;1.985;2.245;1.981;1.987;2.487;2.050;2.846;2.513;1.975;1.977;1.983;2.065;2.090;2.248;2.336;2.059;2.168;1.998;2.489;2.036;2.794
128,16,30,1.8994603333333333,0.11805481624150743,1.77299,2.19983,1.907;1.774;1.778;1.833;2.200;1.940;1.901;1.910;1.896;1.849;1.891;1.872;2.014;1.781;1.895;2.142;1.773;1.951;1.819;2.120;2.003;2.077;1.979;1.778;1.805;1.774;1.866;1.801;1.880;1.777
128,24,30,1.8860093333333334,0.21541817291080592,1.74551,2.67913,1.981;1.785;1.765;1.873;1.948;1.990;1.765;1.763;1.746;1.834;1.762;1.777;1.848;1.785;1.771;2.572;1.774;1.841;1.905;1.775;1.986;1.857;1.894;1.779;1.774;1.951;1.843;1.809;1.748;2.679
128,32,30,1.825049,0.13314117123668343,1.70466,2.11979,1.808;1.733;1.761;1.705;2.037;2.068;1.843;1.725;1.727;1.723;1.797;1.723;1.723;1.743;1.718;2.077;1.743;1.897;2.120;1.898;1.765;1.729;1.850;1.798;1.719;1.779;1.722;2.033;1.729;2.059
128,48,30,1.9563066666666666,0.29643319575770594,1.694,2.79939,1.785;2.504;2.678;2.380;2.799;2.009;1.787;1.790;2.101;1.866;1.770;1.793;1.810;1.695;2.269;2.051;1.821;1.798;1.706;1.742;1.787;1.768;1.694;1.985;1.977;1.780;1.875;1.782;2.175;1.713
128,64,30,2.1566746666666665,0.3319473569577929,1.68093,2.89733,1.799;1.860;2.314;2.221;1.681;2.106;2.279;2.585;1.978;2.453;1.988;2.489;2.726;2.252;2.650;2.133;2.098;1.859;2.897;1.921;1.927;2.303;1.854;1.757;2.729;1.954;2.200;2.137;1.814;1.736
128,96,30,1.8629296666666666,0.21915389680790975,1.67167,2.39433,2.309;1.682;1.740;1.686;1.825;1.751;1.855;1.683;1.730;2.290;1.692;1.843;2.057;1.672;1.675;2.251;1.737;2.043;1.727;1.699;1.745;2.394;2.053;1.674;1.791;1.943;1.672;2.093;1.826;1.750
128,128,30,1.7507523333333335,0.1466188135992935,1.63738,2.13416,1.768;1.689;1.968;1.683;1.662;1.924;1.898;1.655;1.661;1.656;2.046;1.685;1.746;1.665;1.637;1.805;1.699;1.664;2.134;1.739;1.653;1.664;1.656;2.128;1.662;1.652;1.653;1.657;1.676;1.736
256,8,30,18.486326666666667,1.659682558333606,16.4914,22.205,18.030;17.300;17.295;17.384;16.870;16.491;17.334;17.038;17.244;16.502;17.038;16.946;16.670;17.566;16.863;18.934;19.996;20.370;17.158;19.180;19.109;19.273;19.463;22.205;21.116;19.061;20.377;20.541;20.021;21.213
256,16,30,17.77283,1.501791443611079,14.7075,20.952,17.945;17.076;18.718;17.390;16.724;18.247;19.854;18.449;17.205;16.768;18.096;15.744;19.187;16.062;15.409;18.150;19.150;17.965;14.707;18.027;20.211;19.252;16.514;17.268;17.377;15.574;17.109;18.168;20.952;19.887
256,24,30,15.40823,0.6465071619466218,14.5983,16.9007,15.115;14.706;16.101;14.965;16.278;16.006;15.842;15.054;15.451;16.601;15.226;14.664;15.284;15.771;14.932;15.292;16.901;14.656;14.896;14.604;14.995;15.136;16.154;14.598;14.709;16.229;15.693;15.115;16.109;15.165
256,32,30,15.07227,0.6433576868328355,13.9975,16.2985,14.840;16.299;14.213;15.692;15.173;15.659;14.973;15.686;15.184;14.506;16.116;13.998;14.851;14.814;15.491;14.684;14.437;15.000;14.176;14.485;15.447;14.204;14.630;15.604;15.169;14.609;16.033;16.220;14.707;15.270
256,48,30,1863.95335,10126.511242583812,14.1322,55480.3,15.401;55480.300;15.952;16.499;15.960;15.342;14.925;14.765;14.588;15.088;16.117;15.086;14.690;14.873;15.075;14.426;14.740;14.623;14.581;15.066;15.321;14.132;14.451;14.803;14.328;14.517;14.473;17.937;14.418;16.121
256,64,30,16.383066666666668,1.0275841834239121,14.1387,19.3619,17.113;15.557;14.139;18.542;15.601;15.754;17.033;17.090;15.801;16.726;16.520;19.362;16.033;16.373;15.555;15.992;15.704;17.063;15.492;15.320;17.270;17.267;15.991;15.873;16.422;16.955;15.642;17.121;16.814;15.368
256,96,30,15.228716666666667,1.6213804576142312,13.5048,20.5863,14.092;15.564;15.345;19.796;18.168;20.586;15.318;13.804;14.011;14.899;14.912;15.018;15.268;16.127;14.039;14.363;14.797;13.863;13.925;15.450;15.187;14.312;15.545;14.446;15.204;14.463;14.318;13.505;15.521;15.016
256,128,30,14.95593,0.9273141163857453,13.7559,17.7514,14.234;14.725;13.845;14.724;14.853;14.443;14.416;17.751;15.242;16.272;14.835;15.888;14.181;13.888;15.639;13.756;14.619;13.945;14.601;15.155;16.703;15.773;15.558;14.861;15.636;15.560;14.207;15.146;14.349;13.876
512,8,30,3826.617933333333,14039.165274828007,133.904,55638.7,136.679;140.931;138.277;136.602;140.679;136.334;135.348;135.472;138.121;55638.700;55307.700;142.631;138.447;135.287;136.818;135.153;137.621;135.656;136.499;134.545;136.741;135.253;143.131;133.904;147.513;138.525;138.881;135.095;135.095;136.900
512,16,30,1973.5326333333333,10127.79992879779,119.399,55596.7,124.135;125.687;121.352;123.442;125.061;122.885;124.767;123.150;131.312;119.399;125.844;122.726;55596.700;121.669;135.014;125.521;126.808;123.131;123.480;121.426;129.334;123.759;122.017;124.885;122.668;123.595;120.322;126.490;124.465;124.935
512,24,30,3812.8126,14048.206110756973,118.976,55622.6,120.746;120.670;120.176;123.863;121.157;119.775;121.134;122.712;122.866;121.045;121.759;121.374;123.034;121.906;120.695;120.913;121.836;122.479;55622.600;55362.900;118.976;121.408;120.429;122.688;119.366;121.986;120.274;122.021;123.105;120.485
512,32,30,3811.3497666666667,14048.451773200819,116.162,55618.0,121.971;119.610;120.582;122.474;119.032;120.094;119.121;120.490;119.578;120.455;116.770;116.162;119.991;118.649;125.118;119.091;120.308;117.789;118.162;120.315;118.540;120.627;121.553;122.010;55618.000;55366.400;121.571;119.361;117.147;119.522
512,48,30,1974.5274,10129.31984573435,114.574,55605.7,114.574;119.900;114.994;117.598;115.530;120.414;115.473;115.992;117.654;126.369;164.481;118.614;117.592;127.990;122.365;132.178;114.605;128.706;133.807;125.247;118.865;120.874;118.345;122.594;167.630;141.304;136.273;125.483;114.671;55605.700
512,64,30,1979.7686333333334,10077.974173085231,122.101,55339.0,55339.000;126.513;126.533;126.068;123.031;122.101;124.039;127.728;142.282;126.451;132.290;132.416;128.574;130.741;130.280;128.308;133.513;131.788;130.544;131.725;131.000;131.562;139.361;132.342;215.188;182.619;161.252;193.992;150.820;160.998
512,96,30,3823.7819,14032.069227125205,114.796,55602.0,148.728;55602.000;55286.500;150.252;135.306;144.929;143.021;160.022;130.481;127.142;139.655;129.352;122.168;135.843;125.445;144.890;139.946;118.959;147.893;144.123;141.798;196.603;137.344;135.457;123.210;121.283;114.796;122.863;126.157;117.291
512,128,30,1967.7675000000002,10082.844593476731,115.006,55352.9,124.379;124.827;133.221;121.183;55352.900;140.272;126.833;132.485;128.437;135.860;134.000;131.681;125.877;122.754;135.064;127.826;118.864;128.658;119.633;124.840;127.936;130.524;122.168;148.249;123.649;119.390;115.255;125.186;115.006;116.068
1024,8,30,6833.150666666666,16679.024812202348,1083.2,57093.4,1596.940;1710.550;1691.390;1701.830;1305.550;1551.810;1490.170;1604.560;1643.150;57093.400;1660.090;1561.570;1252.960;1381.950;1221.620;1199.900;1426.080;1112.690;1172.410;1320.070;1237.560;1292.170;1249.240;1083.730;56575.500;54369.100;1088.390;1096.660;1083.200;1220.280
1024,16,30,8321.399733333334,18825.597263743733,981.364,56609.5,993.961;1109.330;1151.050;1128.620;1065.610;1050.350;1262.980;56609.500;54401.500;1091.680;1020.570;991.236;1062.940;1041.920;1113.120;1138.040;56576.000;54410.800;1103.150;1080.770;1201.440;1054.220;993.830;1000.120;1004.840;981.364;1008.340;996.975;1004.370;993.366
1024,24,30,4689.311566666666,14081.575271527912,972.428,56534.0,56534.000;1008.550;980.840;980.663;977.562;986.749;1005.290;976.325;972.428;985.671;996.449;980.946;985.595;973.649;1050.040;1001.320;988.327;989.723;974.239;979.518;1000.080;973.166;1013.360;977.344;974.056;1031.730;972.512;976.506;982.509;56450.200
1024,32,30,6409.625466666666,16528.262385195965,956.545,56472.9,54514.700;983.358;970.313;980.463;56472.900;54470.900;985.286;977.401;1000.880;1005.010;970.760;974.421;978.385;986.701;1072.710;973.274;1043.700;1125.550;968.858;964.301;987.180;973.609;988.301;984.517;956.545;967.508;972.473;995.666;985.844;1057.250
1024,48,30,947.9571333333333,14.936661339858027,930.574,987.143,972.517;940.792;937.503;960.392;942.759;944.478;943.210;933.635;942.368;970.340;940.947;949.495;934.032;936.750;987.143;942.168;930.574;934.882;938.886;980.231;945.747;957.711;942.765;931.174;935.362;934.671;952.840;958.535;950.733;966.074
1024,64,30,2840.9556666666667,9749.374122935094,1038.79,54460.4,1041.360;1052.400;1050.870;1061.190;54460.400;1063.600;1074.390;1066.820;1136.720;1044.730;1058.640;1063.670;1058.040;1049.680;1055.660;1051.120;1068.450;1061.920;1059.540;1073.340;1070.750;1041.380;1092.340;1038.790;1053.620;1073.670;1051.470;1058.330;1052.560;1043.220
1024,96,30,4720.040666666667,13801.017651886483,1074.16,56569.2,1078.620;1098.670;1075.820;1078.710;1093.550;1115.460;1092.510;1088.840;1084.060;1092.780;1129.970;1087.360;1097.650;1090.970;1108.710;1087.540;1082.990;1088.110;56569.200;54390.500;1074.160;1082.750;1092.600;1098.510;1089.800;1097.260;1110.960;1102.980;1097.540;1122.640
1024,128,30,1116.439,13.07784658800179,1090.36,1142.23,1124.430;1114.190;1131.320;1106.420;1110.470;1100.380;1125.050;1123.950;1103.260;1127.310;1135.080;1102.670;1104.160;1123.870;1112.720;1127.220;1122.130;1111.980;1127.420;1141.920;1118.930;1090.360;1100.380;1110.030;1117.600;1142.230;1095.220;1110.220;1113.210;1119.040
2048,8,30,9957.77,263.40804472830024,9514.06,10854.0,9518.330;9514.060;10311.500;10256.900;10220.900;9871.560;9811.040;9831.120;9972.100;9892.330;9898.790;9758.300;9701.920;9793.490;9948.040;10255.400;9932.240;9861.240;9799.470;9840.270;10058.300;10296.700;10854.000;10042.200;9760.810;9915.470;9921.010;10119.900;9854.290;9921.420
2048,16,30,11596.928666666667,12092.42228362834,8015.8,63905.8,8609.360;8281.700;63905.800;46680.700;8357.190;8651.940;8728.780;8015.800;8372.250;8528.150;8438.480;8470.830;8511.010;8354.730;8409.140;8385.310;8641.350;8514.400;8909.710;8661.520;8391.020;8388.430;8344.920;8506.720;8493.580;8543.230;8514.840;8462.870;8414.060;8420.040
2048,24,30,9408.868333333334,7120.979008026376,7999.91,47109.4,8109.300;8120.000;8160.880;8156.580;8022.730;8039.470;8004.960;8213.330;8180.090;8142.240;8168.830;8358.330;8068.220;8058.290;8164.630;8190.500;8213.730;8129.400;8017.780;8019.900;7999.910;8024.950;8121.310;8105.110;47109.400;8084.990;8026.180;8007.580;8050.980;8196.450
2048,32,30,7956.082,129.8942073620179,7792.87,8411.94,7946.130;7941.060;8071.130;7879.510;7794.420;7814.730;7901.020;7946.830;7914.600;7919.470;7941.500;7991.070;7792.870;7896.780;8029.760;7892.330;8075.570;7930.930;8241.070;7884.910;7967.730;7981.710;8075.210;8411.940;8047.400;7874.070;7851.360;7833.560;7852.080;7981.710
2048,48,30,15957.248,18914.32166843137,7575.49,63198.7,7739.220;8094.230;7708.510;7608.120;7620.270;63022.000;7678.980;47776.900;7742.230;7786.240;8271.620;7691.920;7575.490;7654.900;7775.230;7770.570;63198.700;47617.200;7653.770;7908.810;7605.290;7755.010;7762.630;63192.700;7881.300;7748.020;7720.000;7689.570;7651.380;7816.630
2048,64,30,15874.195666666667,19190.81436876304,8340.53,64152.4,8533.530;8538.750;8433.410;8438.810;63861.500;8356.590;8558.230;8524.300;8550.120;8559.180;8440.680;8449.480;8424.970;8660.260;8558.620;64152.400;8464.330;8405.280;8359.070;8340.530;8527.700;8516.120;63934.700;8351.970;8416.770;8375.070;8388.510;8566.710;8572.980;63965.300
2048,96,30,13795.453666666666,15391.415630481746,8723.64,64607.8,46711.000;8802.190;8767.800;8732.480;8865.920;8836.250;8887.880;8780.210;64178.100;8784.540;8825.990;8890.170;8875.290;64607.800;8836.250;8804.300;8723.640;8882.440;8851.840;8837.610;8810.400;8915.330;8859.520;8785.160;8959.070;8903.940;8897.390;8731.450;8764.070;8755.580
2048,128,30,15189.577,16386.07006114501,8801.85,64299.8,8981.150;8923.140;8981.590;9035.540;8852.720;9122.720;9348.760;9284.210;9029.930;8894.950;8936.310;8882.900;8801.850;8977.680;8928.000;46497.100;9123.110;8913.270;8839.350;64299.800;8915.500;9592.850;8986.070;8937.920;8841.160;64296.500;46594.600;8949.140;8970.880;8948.610
