N,threads,repeats,mean_ms,std_ms,min_ms,max_ms,samples_ms
64,1,30,0.2726342666666667,0.05386916242855482,0.234026,0.425133,0.425;0.244;0.278;0.235;0.234;0.352;0.281;0.236;0.235;0.237;0.235;0.416;0.280;0.240;0.345;0.267;0.235;0.235;0.235;0.246;0.273;0.285;0.287;0.281;0.235;0.259;0.234;0.235;0.359;0.241
64,2,30,0.5021725,0.15021637602603968,0.32161,0.998717,0.772;0.450;0.643;0.342;0.372;0.551;0.364;0.322;0.430;0.446;0.354;0.383;0.546;0.463;0.716;0.478;0.705;0.476;0.540;0.469;0.577;0.341;0.999;0.403;0.606;0.379;0.423;0.499;0.550;0.465
64,4,30,0.7175828666666667,0.12102728764884711,0.586333,1.15533,0.661;0.781;0.619;0.632;0.760;0.876;0.787;1.155;0.724;0.630;0.712;0.822;0.639;0.627;0.608;0.961;0.605;0.674;0.790;0.738;0.629;0.602;0.697;0.773;0.668;0.683;0.633;0.721;0.735;0.586
64,8,30,1.7711833333333333,0.500506467224284,1.28846,3.07491,1.408;2.098;1.826;1.674;1.482;1.901;1.288;1.473;1.408;1.459;1.830;2.952;1.333;2.819;1.405;1.962;1.291;1.637;1.494;1.486;2.541;1.429;1.493;1.303;1.743;3.075;2.315;1.842;1.678;1.492
64,10,30,1.867581,0.4757993884803509,1.40736,3.16127,1.843;1.812;1.561;1.945;2.427;1.736;3.024;1.663;1.429;2.575;2.038;1.907;1.592;1.834;1.588;1.632;1.407;2.748;1.606;1.600;1.666;3.161;1.460;1.666;1.631;2.357;1.494;1.465;1.529;1.631
64,12,30,8.711674333333333,7.0069483171618385,1.59677,33.8287,9.409;5.817;11.723;8.710;10.609;33.829;9.920;9.793;6.466;2.015;29.919;6.728;6.820;9.134;2.555;12.314;6.778;3.217;1.864;6.893;10.465;4.031;8.395;10.130;2.410;6.970;7.702;1.597;8.662;6.475
128,1,30,1.9165403333333333,0.22523376696810732,1.7926,3.00115,1.934;1.820;1.796;1.814;1.854;1.895;1.860;2.162;1.801;1.845;1.793;2.065;3.001;1.866;1.912;1.798;1.796;1.803;1.855;1.801;2.054;1.925;1.794;1.907;2.001;1.810;1.836;1.970;1.803;1.929
128,2,30,1.5731216666666668,0.32171428496773163,1.1399,2.38333,2.120;1.830;1.231;1.725;1.726;1.370;1.166;1.439;1.750;1.836;1.771;1.508;1.717;1.330;1.151;1.770;1.700;1.749;1.743;1.247;1.140;1.590;1.228;2.118;1.302;2.383;1.146;1.244;1.580;1.583
128,4,30,1.6042926666666666,0.2442756450509495,1.36674,2.15942,1.663;1.526;1.409;1.417;1.413;2.088;1.436;1.786;1.548;1.367;1.858;1.619;2.122;1.458;2.159;2.130;1.458;1.621;1.474;1.460;1.379;1.466;1.476;1.516;1.405;1.554;1.869;1.452;1.559;1.439
128,8,30,2.0134933333333334,0.4453848241792657,1.42482,3.39391,2.370;2.326;2.996;2.506;3.394;2.593;2.252;1.991;2.014;2.212;2.187;2.059;1.633;1.829;1.681;1.711;1.833;1.882;1.701;1.638;1.823;1.918;1.452;1.639;1.425;1.832;2.249;1.997;1.790;1.473
128,10,30,2.2762409999999997,1.0978103297406034,1.71862,7.99222,2.395;2.352;2.185;2.090;2.216;1.973;2.134;2.275;2.094;2.007;1.769;1.929;2.165;1.796;2.465;2.242;2.010;2.156;1.911;1.785;1.719;2.136;1.869;2.143;7.992;2.166;2.258;1.926;2.327;1.804
128,12,30,9.555046333333333,5.292881399205125,1.98215,30.0591,12.245;11.656;8.818;12.251;6.902;9.621;7.155;9.511;2.130;7.398;2.680;13.121;7.743;13.683;8.575;12.516;7.279;12.925;12.790;2.155;9.650;2.284;30.059;1.982;12.709;8.410;12.088;9.556;9.690;9.067
256,1,30,16.849613333333334,0.7199473834861168,15.6746,18.5154,16.225;16.690;17.057;16.122;16.081;16.527;15.675;16.609;16.547;16.715;16.133;17.663;17.051;18.301;17.059;18.435;16.530;15.930;17.080;16.808;16.793;17.195;18.515;17.368;17.182;17.166;16.024;16.362;16.266;17.380
256,2,30,10.644413,2.180180827761534,8.51651,18.7783,14.352;9.399;9.494;8.797;8.670;11.299;11.656;10.861;9.829;9.451;8.517;9.382;9.517;10.202;8.967;9.182;12.591;13.357;11.140;9.969;9.530;9.204;9.414;9.086;10.380;9.927;13.886;10.659;18.778;11.834
256,4,30,8.086307333333334,1.545612278262819,5.05232,10.7341,7.259;8.571;7.975;7.575;7.256;9.030;9.796;8.210;7.647;10.543;9.951;9.742;10.734;8.008;7.802;8.881;8.841;9.385;8.958;8.767;8.960;9.043;8.384;5.052;5.556;5.494;5.929;6.330;5.280;7.631
256,8,30,6.156970666666667,0.5076167741238995,5.50608,8.19774,8.198;6.101;5.932;6.282;6.037;5.816;5.780;5.808;5.506;6.251;5.971;6.411;5.770;6.173;6.324;5.976;6.174;5.627;6.591;6.839;6.058;6.036;6.218;5.872;5.908;6.301;5.754;7.025;5.970;5.999
256,10,30,1827.3752186666666,9976.90350153105,5.00357,54651.6,5.554;5.031;5.101;6.303;5.097;5.587;5.256;54651.600;5.464;5.754;17.000;5.926;5.457;5.359;5.809;5.524;6.138;5.282;5.487;5.415;5.511;5.184;5.502;5.513;5.004;5.218;5.170;5.546;5.341;5.125
256,12,30,10.882161,3.827392518746168,4.90102,16.7123,15.718;9.810;15.683;15.986;15.305;14.702;11.633;8.887;9.861;16.157;10.204;11.612;9.300;10.284;10.979;5.175;16.712;16.094;5.251;9.388;10.906;4.901;5.715;15.608;9.984;9.649;5.182;10.862;9.582;5.334
512,1,30,229.56906666666666,5.205126199625038,218.309,239.552,229.130;218.309;220.612;227.199;225.060;228.889;233.356;231.034;236.615;239.368;226.333;229.379;232.038;238.517;227.172;225.478;233.149;229.874;238.804;226.065;228.219;227.218;229.327;229.231;225.682;224.737;239.552;225.924;230.384;230.417
512,2,30,3765.1493,13832.685048654828,114.486,54808.6,142.311;138.884;131.528;136.016;54808.600;54495.700;149.371;127.062;123.170;123.879;144.419;124.149;157.284;138.220;115.251;128.840;128.932;136.958;131.277;123.279;121.480;119.690;116.652;128.367;128.545;136.197;126.209;114.486;130.899;126.824
512,4,30,3715.193166666667,13847.019071134637,65.0938,54733.9,91.065;75.583;84.311;67.036;77.934;77.091;77.013;65.094;82.106;54733.900;54576.300;83.620;66.557;77.603;70.326;73.559;72.916;65.794;77.418;81.494;89.854;72.802;83.304;83.936;73.373;75.822;72.468;78.678;70.575;78.261
512,8,30,46.61749666666667,1.8154008122998206,42.5949,50.3139,48.835;48.389;47.901;47.967;45.306;47.788;47.297;44.334;47.289;48.053;47.509;43.678;45.568;50.314;47.840;48.628;45.804;44.956;47.597;46.079;43.563;45.526;44.979;47.529;46.799;47.558;42.595;45.865;44.670;48.311
512,10,30,3680.43431,13856.305289905009,37.618,54695.6,41.475;41.601;38.674;39.094;39.298;37.790;38.955;40.402;39.923;39.011;39.650;54695.600;37.618;54613.500;37.973;39.176;39.518;39.179;39.452;38.239;38.857;40.091;39.495;39.149;40.098;40.530;41.424;38.831;39.777;38.651
512,12,30,44.89291,5.345515107745738,35.0227,52.1619,48.658;50.663;48.386;46.215;52.162;48.429;44.784;39.473;49.146;35.164;48.463;46.229;35.559;44.894;47.205;40.064;37.849;46.590;48.999;49.212;50.726;44.966;45.694;46.674;35.615;48.677;35.023;45.910;35.790;49.568
1024,1,30,5661.020333333334,13317.317441934194,2049.11,57154.1,2074.210;2054.680;2061.500;2083.380;2069.310;2101.590;2049.110;2082.600;2072.880;2132.960;2119.460;2066.510;2084.560;2107.030;2113.450;2346.070;2516.480;2496.190;2546.390;2462.610;2246.470;2066.130;57154.100;52018.800;2117.870;2134.750;2063.920;2146.570;2137.220;2103.810
1024,2,30,4732.059666666666,13573.836135575366,1079.13,55838.6,1165.970;1194.480;1153.740;1205.940;1143.100;1312.690;1100.630;1153.750;1137.840;1168.020;1251.350;1238.990;1129.890;1192.380;1111.730;1172.650;1122.930;1160.000;1155.730;1155.180;1079.130;1158.180;1150.550;55838.600;53468.700;1179.870;1145.890;1154.230;1156.100;1203.550
1024,4,30,2410.731133333333,9745.212509000175,587.514,54008.1,648.819;649.654;632.245;653.762;604.028;641.222;651.209;642.226;608.088;619.792;665.147;54008.100;615.802;617.329;621.389;669.607;638.652;637.848;602.897;647.471;631.613;657.171;587.514;597.747;587.588;654.096;621.792;649.240;641.477;618.409
1024,8,30,3991.257133333333,13772.304136133893,340.652,55029.4,381.787;382.223;360.183;372.924;55029.400;54280.700;363.367;340.652;377.904;363.968;384.814;374.115;406.852;400.568;381.290;367.590;351.985;365.527;373.110;364.650;374.980;393.379;367.038;351.725;374.513;370.093;352.501;366.712;377.905;385.259
1024,10,30,3942.5151,13782.414992212845,305.774,54964.7,315.528;322.569;307.045;316.729;312.097;317.750;330.998;317.288;312.016;330.904;329.316;318.950;318.215;306.106;314.506;337.791;321.274;379.735;311.776;305.774;320.009;319.337;327.467;317.364;54964.700;54323.000;320.339;323.321;317.266;316.283
1024,12,30,2124.6820666666667,9977.925999651334,284.043,54954.3,301.694;300.270;284.043;298.790;302.801;311.140;306.088;305.577;309.973;317.869;301.099;287.217;307.211;298.548;299.885;303.448;302.917;297.299;302.816;286.741;308.733;286.677;54954.300;316.212;300.628;314.678;311.215;321.784;300.604;300.205
2048,1,30,34124.37333333334,14024.09509620996,24420.0,85789.5,28894.600;29927.800;31745.800;29913.400;30018.500;85789.500;31547.400;30100.300;30411.500;30441.300;30556.500;85201.700;24420.000;30612.200;30731.900;31462.000;31260.600;31521.200;30624.600;30690.400;30378.400;30897.700;31040.000;30583.100;30744.100;31396.600;31563.900;30359.300;30321.000;30575.900
2048,2,30,29086.323333333334,18878.99383428455,17474.6,73424.3,18123.000;36154.100;17860.300;17799.100;17474.600;17924.400;18288.000;18499.700;17801.800;18085.200;73424.300;36491.500;72255.000;37155.400;18767.300;18186.500;18411.100;18203.500;17830.700;72035.000;36500.900;72687.500;37039.400;36748.700;18186.800;17982.400;17607.200;18804.500;18364.600;17897.200
2048,4,30,12478.789,9913.917595979123,9310.78,64832.6,11803.100;11496.300;10742.300;9802.170;10024.900;10401.900;10705.200;10944.600;64832.600;10153.100;9942.900;10754.100;10730.600;11321.100;9695.620;9757.100;10564.200;11766.100;10818.500;11231.900;10184.700;10188.500;11712.300;12003.000;10796.800;10011.700;9310.780;10029.300;11561.100;11077.200
2048,8,30,11193.722666666667,15550.743341399324,5843.4,60861.9,6129.550;5973.770;5890.530;5883.030;5948.760;5963.640;6279.530;6425.190;6305.320;6841.710;5920.100;5956.570;6013.940;6037.080;48766.200;6226.510;6102.000;60861.900;6366.030;6005.390;5995.780;60602.600;5843.400;6267.670;6599.900;6016.040;6427.410;6107.230;6012.330;6042.570
2048,10,30,8592.111333333334,10956.959464084517,5582.8,48906.1,5712.320;5768.750;5742.520;5718.490;5642.460;5789.020;5718.990;5880.310;5828.730;5665.400;48906.100;5669.640;5730.650;5688.460;5675.540;5582.800;48892.500;5838.020;5659.510;5877.570;5688.010;5642.950;5730.220;5612.460;5649.580;5718.000;5724.520;5644.930;5743.360;5621.530
2048,12,30,16527.833666666666,21057.517782675128,4397.3,59696.4,5874.530;5900.200;5906.480;6166.060;6000.350;5911.230;5940.060;48574.200;5879.080;6916.950;5390.050;59696.400;4707.680;4397.300;4537.820;4589.330;4605.680;4475.080;4557.380;59174.200;4634.820;4583.120;50048.500;4548.860;4559.840;4524.770;59128.300;49922.400;50053.000;4631.340
